Req Group,Reqs
RG1,Req1
RG2,Req2
RG3,Req3
RG4,Req4
RG5,Req5
RG6,Req6
RG7,Req7
RG8,Req8
RG9,Stations12Req25
RG10,Stations12Req26
RG11,Stations12Req27
RG12,Stations12Req28
RG13,Stations12Req29
RG14,Stations12Req30
RG15,Stations12Req31
RG16,Stations12Req32
RG17,Stations12Req33
RG18,Stations12Req34
RG19,Stations12Req35
RG20,Stations12Req36
RG21,Stations12Req37
RG22,Stations12Req38
RG23,Stations12Req39
RG24,Stations12Req40
RG25,Stations12Req41
RG26,Stations12Req42
RG27,Stations12Req43
RG28,Stations12Req44
RG29,Stations12Req45
RG30,Stations12Req46
RG31,Stations12Req47
RG32,Stations12Req48
RG33,Stations12Req49
RG34,Stations12Req50
RG35,Stations12Req51
RG36,Stations12Req52
RG37,Stations12Req53
RG38,Stations12Req54
RG39,Stations12Req55
RG40,Stations12Req56
RG41,Stations12Req57
RG42,Stations12Req58
RG43,Stations12Req59
RG44,Stations12Req60
RG45,Stations12Req61
RG46,Stations12Req62
RG47,Stations12Req63
RG48,Stations12Req64
RG49,Stations12Req65
RG50,Stations12Req66
RG51,Stations12Req67
RG52,Stations12Req68
RG53,Stations12Req69
RG54,Stations12Req70
RG55,Stations12Req71
RG56,Stations12Req72
RG57,Stations12Req73
RG58,Stations12Req74
RG59,Stations12Req75
RG60,Stations12Req76
RG61,Stations12Req77
RG62,Stations12Req78
RG63,Stations12Req79
RG64,Stations12Req80
RG65,Stations12Req81
RG66,Stations12Req82
RG67,Stations12Req83
RG68,Stations12Req84
RG69,Stations12Req85
RG70,Stations12Req86
RG71,Stations12Req87
RG72,Stations12Req88
RG73,Stations34Req1
RG74,Stations34Req2
RG75,Stations34Req3
RG76,Stations34Req4
RG77,Stations34Req5
RG78,Stations34Req6
RG79,Stations34Req7
RG80,Stations34Req8
RG81,Stations34Req9
RG82,Stations34Req10
RG83,Stations34Req11
RG84,Stations34Req12
RG85,Stations34Req13
RG86,Stations34Req14
RG87,Stations34Req15
RG88,Stations34Req16
RG89,Stations34Req17
RG90,Stations34Req18
RG91,Stations34Req19
RG92,Stations34Req20
RG93,Stations34Req21
RG94,Stations34Req22
RG95,Stations34Req23
RG96,Stations34Req24
RG97,Stations34Req25
RG98,Stations34Req26
RG99,Stations34Req27
RG100,Stations34Req28
RG101,Stations34Req29
RG102,Stations34Req30
RG103,Stations34Req31
RG104,Stations34Req32
RG105,Stations34Req33
RG106,Stations34Req34
RG107,Stations34Req35
RG108,Stations34Req36
RG109,Stations34Req37
RG110,Stations34Req38
RG111,Stations34Req39
RG112,Stations34Req40
RG113,Stations34Req41
RG114,Stations34Req42
RG115,Stations34Req43
RG116,Stations34Req44
RG117,Stations34Req45
RG118,Stations34Req46
RG119,Stations34Req47
RG120,Stations34Req48
RG121,Stations34Req49
RG122,Station5Req1
RG123,Station5Req2
RG124,Station5Req3
RG125,Station5Req4
RG126,Station5Req5
RG127,Station5Req6
RG128,Station5Req7
RG129,Station5Req8
RG130,Station5Req9
RG131,Station5Req10
RG132,Station5Req11
RG133,Station5Req12
RG134,Station5Req13
RG135,Station5Req14
RG136,Station5Req15
RG137,Station5Req16
RG138,Station5Req17
RG139,Station5Req18
RG140,Station5Req19
RG141,Station5Req20
RG142,Station5Req21
RG143,Station5Req22
RG144,Station5Req23
RG145,Station5Req24
RG146,Station5Req25
RG147,Station5Req26
RG148,Station5Req27
RG149,Station5Req28
RG150,Station5Req29
RG151,Station5Req30
RG152,Station5Req31
RG153,Station5Req32
RG154,Station5Req33
RG155,Station5Req34
RG156,Station5Req35
RG157,Station5Req36
RG158,Station5Req37
RG159,Station5Req38
RG160,Station5Req39
RG161,Station5Req40
RG162,Station5Req41
RG163,Station5Req42
RG164,Station5Req43
RG165,Station5Req44
RG166,Station5Req45
RG167,Station5Req46
RG168,Station5Req47
RG169,Station5Req48
RG170,Station6Req1
RG171,Station6Req2
RG172,Station6Req3
RG173,Station6Req4
RG174,Station6Req5
RG175,Station6Req6
RG176,Station6Req7
RG177,Station6Req8
RG178,Station6Req9
RG179,Station6Req10
RG180,Station6Req11
RG181,Station6Req12
RG182,Station6Req13
RG183,Station6Req14
RG184,Station6Req15
RG185,Station6Req16
RG186,Station6Req17
RG187,Station6Req18
RG188,Station6Req19
RG189,Station6Req20
RG190,Station6Req21
RG191,Station6Req22
RG192,Station6Req23
RG193,Station6Req24
RG194,Station6Req25
RG195,Station6Req26
RG196,Station6Req27
RG197,Station6Req28
RG198,Station6Req29
RG199,Station6Req30
RG200,Station6Req31
RG201,Stations34PusherLift
RG202,Station5ReqTester
RG203,Station5ReqClampDrill
